"Store Name","Item Name",Unit,Category,"Opening Stock","Goods Receipt","Goods Return","Received Issue","Inventory Adjustment",Consumption,Wastage,"Inventory Deducted","Issued Items","Intransist Items","Manufactured Items","Manufactured Deductions","Closing Stock"
"576275: Kasba, Kolkata","CP Choco Chips 5Ltr",Nos,"Café Chokolade",0,0,0,0,0,0,0,0,0,0,0,0,0
"576275: Kasba, Kolkata","CP Vanilla 5Ltr",Nos,"Café Chokolade",0,0,0,0,0,0,0,0,0,0,0,0,0
"576275: Kasba, Kolkata","CP butterscotch 5 ltr",Nos,"Café Chokolade",0,0,0,0,0,0,0,0,0,0,0,0,0
"576275: Kasba, Kolkata","Fm Butter Scotch Crunchi 0.5 Kgs",Pkt,"Café Chokolade",0,0,0,0,0,0,0,0,0,0,0,0,0
"576275: Kasba, Kolkata","Fm Plain Shake Premix 1ltr",Ltr,"Café Chokolade",0,0,0,0,0,0,0,0,0,0,0,0,0
"576275: Kasba, Kolkata","PM CC Plastic Glass With Lid 350 ml",Nos,"Café Chokolade",0,0,0,0,0,0,0,0,0,0,0,0,0
"576275: Kasba, Kolkata","Paper Straw",Nos,"Café Chokolade",0,0,0,0,0,0,0,0,0,0,0,0,0
"576275: Kasba, Kolkata","Pm Plastic Brownie Container 100 Ml",Nos,"Café Chokolade",0,0,0,0,0,0,0,0,0,0,0,0,0
"576275: Kasba, Kolkata","Rm Bru Coffee",Gm,"Café Chokolade",0,0,0,0,0,0,0,0,0,0,0,0,0
"576275: Kasba, Kolkata","Rm Fm Lemon Ice Tea Sachet",Pkt,"Café Chokolade",0,0,0,0,0,0,0,0,0,0,0,0,0
"576275: Kasba, Kolkata","Rm Fm Peach Passion Fruit Ice Tea Sachet",Pkt,"Café Chokolade",0,0,0,0,0,0,0,0,0,0,0,0,0
"576275: Kasba, Kolkata","Rm Kesharia Thandai",Nos,"Café Chokolade",0,0,0,0,0,0,0,0,0,0,0,0,0
"576275: Kasba, Kolkata","Td Caramelised Onion Spinach Feta Cheese Cup",Nos,"Café Chokolade",0,0,0,0,0,0,0,0,0,0,0,0,0
"576275: Kasba, Kolkata","Td Cheesy Tomato Mushroom Cup",Nos,"Café Chokolade",0,0,0,0,0,0,0,0,0,0,0,0,0
"576275: Kasba, Kolkata","Td Chocochip Gooey Brownie",Nos,"Café Chokolade",0,0,0,0,0,0,0,0,0,0,0,0,0
"576275: Kasba, Kolkata","Td Double Chocolate Fudgy Brownie",Nos,"Café Chokolade",0,0,0,0,0,0,0,0,0,0,0,0,0
"576275: Kasba, Kolkata","Td Dvg Blueberry Syrup",Nos,"Café Chokolade",0,0,0,0,0,0,0,0,0,0,0,0,0
"576275: Kasba, Kolkata","Td Dvg Bubble Gum Syrup",Nos,"Café Chokolade",0,0,0,0,0,0,0,0,0,0,0,0,0
"576275: Kasba, Kolkata","Td Dvg Butterscotch Sauce",Nos,"Café Chokolade",0,0,0,0,0,0,0,0,0,0,0,0,0
"576275: Kasba, Kolkata","Td Dvg Cheesecake Syrup",Nos,"Café Chokolade",0,0,0,0,0,0,0,0,0,0,0,0,0
"576275: Kasba, Kolkata","Td Dvg Coconut Syrup",Nos,"Café Chokolade",0,0,0,0,0,0,0,0,0,0,0,0,0
"576275: Kasba, Kolkata","Td Dvg Filter Coffee",Nos,"Café Chokolade",0,0,0,0,0,0,0,0,0,0,0,0,0
"576275: Kasba, Kolkata","Td Dvg French Vanilla Syrup",Nos,"Café Chokolade",0,0,0,0,0,0,0,0,0,0,0,0,0
"576275: Kasba, Kolkata","Td Dvg Hazelnut Syrups",Nos,"Café Chokolade",0,0,0,0,0,0,0,0,0,0,0,0,0
"576275: Kasba, Kolkata","Td Dvg Irish Cream Syrup",Nos,"Café Chokolade",0,0,0,0,0,0,0,0,0,0,0,0,0
"576275: Kasba, Kolkata","Td Dvg Peanut Butter Sauce",Nos,"Café Chokolade",0,0,0,0,0,0,0,0,0,0,0,0,0
"576275: Kasba, Kolkata","Td Dvg Short Bread Cookies Syrup",Nos,"Café Chokolade",0,0,0,0,0,0,0,0,0,0,0,0,0
"576275: Kasba, Kolkata","Td Dvg Tiramisu Syrup",Nos,"Café Chokolade",0,0,0,0,0,0,0,0,0,0,0,0,0
"576275: Kasba, Kolkata","Td Feta Cheese Spinach Pinwheel",Nos,"Café Chokolade",0,0,0,0,0,0,0,0,0,0,0,0,0
"576275: Kasba, Kolkata","Td Keshari Thandai Syrup",Btl,"Café Chokolade",0,0,0,0,0,0,0,0,0,0,0,0,0
"576275: Kasba, Kolkata","Td Lotus Biscoff Brownie",Nos,"Café Chokolade",0,0,0,0,0,0,0,0,0,0,0,0,0
"576275: Kasba, Kolkata","Td Mango Beverage Blend",Nos,"Café Chokolade",0,0,0,0,0,0,0,0,0,0,0,0,0
"576275: Kasba, Kolkata","Td Mexican Taco Pinwheel",Nos,"Café Chokolade",0,0,0,0,0,0,0,0,0,0,0,0,0
"576275: Kasba, Kolkata","Td Mix Berry Beverage Blend",Nos,"Café Chokolade",0,0,0,0,0,0,0,0,0,0,0,0,0
"576275: Kasba, Kolkata","Td Pizza Cup",Nos,"Café Chokolade",0,0,0,0,0,0,0,0,0,0,0,0,0
"576275: Kasba, Kolkata","Td Strawberry Beverage Blend",Nos,"Café Chokolade",0,0,0,0,0,0,0,0,0,0,0,0,0
"576275: Kasba, Kolkata","Mimo Slice Cassata Ice Cream 125 ml",Nos,Cassata,23,40,0,0,0,0,0,41,0,0,0,0,22
"576275: Kasba, Kolkata","PM NIC GIFT BOX",Nos,"Gift Box",0,0,0,0,0,0,0,0,0,0,0,0,0
"576275: Kasba, Kolkata","Grameen NAS Matka Kulfi Desi Malai 100ml X 2",Nos,"Gk - No Added Sugar",1,0,0,0,0,0,0,0,0,0,0,0,1
"576275: Kasba, Kolkata","Grameen NAS Matka Kulfi Dry Fruit 100ml X 2",Nos,"Gk - No Added Sugar",2,15,0,0,0,0,0,16,0,0,0,0,1
"576275: Kasba, Kolkata","Grameen NAS Slice Kulfi Desi Malai 90ml X 3",Nos,"Gk - No Added Sugar",10,0,0,0,0,0,0,10,0,0,0,0,0
"576275: Kasba, Kolkata","Grameen NAS Stick Kulfi Alphonso Mango 70ml X 1",Nos,"Gk - No Added Sugar",38,20,0,0,0,0,0,33,0,0,0,0,25
"576275: Kasba, Kolkata","Grameen NAS Stick Kulfi Desi Malai 70ml X 1",Nos,"Gk - No Added Sugar",17,60,0,0,0,0,0,23,0,0,0,0,54
"576275: Kasba, Kolkata","Grameen NAS Stick Kulfi Kesar Pista 70ml X 1",Nos,"Gk - No Added Sugar",55,60,0,0,0,0,0,57,0,0,0,0,58
"576275: Kasba, Kolkata","NIC Alphonso Mango 100ml",Nos,"Ice Cream 100ML",12,78,0,0,0,0,0,76,0,0,0,0,14
"576275: Kasba, Kolkata","NIC Anjeer 100ml",Nos,"Ice Cream 100ML",0,12,0,0,0,0,0,7,0,0,0,0,5
"576275: Kasba, Kolkata","NIC Apricot 100ml",Nos,"Ice Cream 100ML",0,0,0,0,0,0,0,0,0,0,0,0,0
"576275: Kasba, Kolkata","NIC Belgian Chocolate 100ml",Nos,"Ice Cream 100ML",2,24,0,0,0,0,0,23,0,0,0,0,3
"576275: Kasba, Kolkata","NIC Chango 100ml",Nos,"Ice Cream 100ML",0,0,0,0,0,0,0,0,0,0,0,0,0
"576275: Kasba, Kolkata","NIC Chickoo 100ml",Nos,"Ice Cream 100ML",0,0,0,0,0,0,0,0,0,0,0,0,0
"576275: Kasba, Kolkata","NIC Choco Chips 100ml",Nos,"Ice Cream 100ML",15,90,0,0,0,0,0,104,0,0,0,0,1
"576275: Kasba, Kolkata","NIC Coffee Walnut 100ml",Nos,"Ice Cream 100ML",0,36,0,0,0,0,0,33,0,0,0,0,3
"576275: Kasba, Kolkata","NIC Dryfruit Over Load 100ml",Nos,"Ice Cream 100ML",0,12,0,0,0,0,0,9,0,0,0,0,3
"576275: Kasba, Kolkata","NIC French Vanilla 100ml",Nos,"Ice Cream 100ML",1,36,0,0,0,0,0,37,0,0,0,0,0
"576275: Kasba, Kolkata","NIC Gajar Halwa 100ml",Nos,"Ice Cream 100ML",0,0,0,0,0,0,0,0,0,0,0,0,0
"576275: Kasba, Kolkata","NIC Gulab Jamun 100ml",Nos,"Ice Cream 100ML",0,12,0,0,0,0,0,11,0,0,0,0,1
"576275: Kasba, Kolkata","NIC Kiwi N Pears 100ml",Nos,"Ice Cream 100ML",0,0,0,0,0,0,0,0,0,0,0,0,0
"576275: Kasba, Kolkata","NIC Litchi 100ml",Nos,"Ice Cream 100ML",0,0,0,0,0,0,0,0,0,0,0,0,0
"576275: Kasba, Kolkata","NIC Macadamia Nuts 100ml",Nos,"Ice Cream 100ML",0,0,0,0,0,0,0,0,0,0,0,0,0
"576275: Kasba, Kolkata","NIC Madagascar 100ml",Nos,"Ice Cream 100ML",1,36,0,0,0,0,0,33,0,0,0,0,4
"576275: Kasba, Kolkata","NIC Malai Barfi 100ml",Nos,"Ice Cream 100ML",0,0,0,0,0,0,0,0,0,0,0,0,0
"576275: Kasba, Kolkata","NIC Mixed Berries 100ml",Nos,"Ice Cream 100ML",1,42,0,0,0,0,0,41,0,0,0,0,2
"576275: Kasba, Kolkata","NIC Modak 100ml",Nos,"Ice Cream 100ML",0,0,0,0,0,0,0,0,0,0,0,0,0
"576275: Kasba, Kolkata","NIC Motichoor Ladoo 100ml",Nos,"Ice Cream 100ML",0,0,0,0,0,0,0,0,0,0,0,0,0
"576275: Kasba, Kolkata","NIC Paan 100ml",Nos,"Ice Cream 100ML",0,0,0,0,0,0,0,0,0,0,0,0,0
"576275: Kasba, Kolkata","NIC Pani Puri 100ml",Nos,"Ice Cream 100ML",0,0,0,0,0,0,0,0,0,0,0,0,0
"576275: Kasba, Kolkata","NIC Plum Cake 100ml",Nos,"Ice Cream 100ML",0,0,0,0,0,0,0,0,0,0,0,0,0
"576275: Kasba, Kolkata","NIC Roasted Almond 100ml",Nos,"Ice Cream 100ML",0,36,0,0,0,0,0,34,0,0,0,0,2
"576275: Kasba, Kolkata","NIC Sea Salt Caramel 100ml",Nos,"Ice Cream 100ML",11,24,0,0,0,0,0,32,0,0,0,0,3
"576275: Kasba, Kolkata","NIC Sheer Khurma 100ml",Nos,"Ice Cream 100ML",0,0,0,0,0,0,0,0,0,0,0,0,0
"576275: Kasba, Kolkata","NIC Sitaphal 100ml",Nos,"Ice Cream 100ML",0,48,0,0,0,0,0,45,0,0,0,0,3
"576275: Kasba, Kolkata","NIC Spicy Guava 100ml",Nos,"Ice Cream 100ML",0,0,0,0,0,0,0,0,0,0,0,0,0
"576275: Kasba, Kolkata","NIC Strawberry 100ml",Nos,"Ice Cream 100ML",0,24,0,0,0,0,0,22,0,0,0,0,2
"576275: Kasba, Kolkata","NIC Strawberry Cheesecake 100ml",Nos,"Ice Cream 100ML",0,0,0,0,0,0,0,0,0,0,0,0,0
"576275: Kasba, Kolkata","NIC Tender Coconut 100ml",Nos,"Ice Cream 100ML",29,72,0,0,0,0,0,93,0,0,0,0,8
"576275: Kasba, Kolkata","NIC Thandai 100ml",Nos,"Ice Cream 100ML",0,0,0,0,0,0,0,0,0,0,0,0,0
"576275: Kasba, Kolkata","NIC Tilgud & Revdi Ice Cream 100ml",Nos,"Ice Cream 100ML",0,0,0,0,0,0,0,0,0,0,0,0,0
"576275: Kasba, Kolkata","Nic BisCrunch Ice Cream 100ml",Nos,"Ice Cream 100ML",0,0,0,0,0,0,0,0,0,0,0,0,0
"576275: Kasba, Kolkata","Nic Britannia Bourbon Ice Cream 100ml",Nos,"Ice Cream 100ML",0,0,0,0,0,0,0,0,0,0,0,0,0
"576275: Kasba, Kolkata","Nic Nolen Gur Ice Cream 100ml",Nos,"Ice Cream 100ML",0,0,0,0,0,0,0,0,0,0,0,0,0
"576275: Kasba, Kolkata","Nic Alphonso Mango Ice Cream 300ml",Nos,"Ice Cream 300ml",0,0,0,0,0,0,0,0,0,0,0,0,0
"576275: Kasba, Kolkata","Nic Choco Chips Ice Cream 300ml",Nos,"Ice Cream 300ml",0,0,0,0,0,0,0,0,0,0,0,0,0
"576275: Kasba, Kolkata","Nic Dry Fruit Overload Ice Cream 300ml",Nos,"Ice Cream 300ml",0,0,0,0,0,0,0,0,0,0,0,0,0
"576275: Kasba, Kolkata","Nic Madagascar Chocolate Ice Cream 300ml",Nos,"Ice Cream 300ml",0,0,0,0,0,0,0,0,0,0,0,0,0
"576275: Kasba, Kolkata","Nic Tender Coconut Ice Cream 300ml",Nos,"Ice Cream 300ml",0,0,0,0,0,0,0,0,0,0,0,0,0
"576275: Kasba, Kolkata","Mishti Dohi Ice Cream 500ml",Nos,"Ice Cream 500ML",0,0,0,0,0,0,0,0,0,0,0,0,0
"576275: Kasba, Kolkata","NIC Alphonso Mango 500ml",Nos,"Ice Cream 500ML",26,53,1,0,0,0,0,60,0,0,0,0,18
"576275: Kasba, Kolkata","NIC Anjeer 500ml",Nos,"Ice Cream 500ML",1,6,0,0,0,0,0,3,0,0,0,0,4
"576275: Kasba, Kolkata","NIC Apricot 500ml",Nos,"Ice Cream 500ML",0,0,0,0,0,0,0,0,0,0,0,0,0
"576275: Kasba, Kolkata","NIC Belgian Chocolate 500ml",Nos,"Ice Cream 500ML",1,15,0,0,0,0,0,11,0,0,0,0,5
"576275: Kasba, Kolkata","NIC Chango 500ml",Nos,"Ice Cream 500ML",0,0,0,0,0,0,0,0,0,0,0,0,0
"576275: Kasba, Kolkata","NIC Chickoo 500ml",Nos,"Ice Cream 500ML",0,5,0,0,0,0,0,5,0,0,0,0,0
"576275: Kasba, Kolkata","NIC Choco Chips 500ml",Nos,"Ice Cream 500ML",1,91,0,0,0,0,0,67,0,0,0,0,25
"576275: Kasba, Kolkata","NIC Chocobite 500ml",Nos,"Ice Cream 500ML",0,0,0,0,0,0,0,0,0,0,0,0,0
"576275: Kasba, Kolkata","NIC Coffee Walnut 500ml",Nos,"Ice Cream 500ML",1,51,1,0,0,0,0,43,0,0,0,0,8
"576275: Kasba, Kolkata","NIC Cookies N Cream 500ml",Nos,"Ice Cream 500ML",0,26,0,0,0,0,0,26,0,0,0,0,0
"576275: Kasba, Kolkata","NIC Dates N Honey 500ml",Nos,"Ice Cream 500ML",0,0,0,0,0,0,0,0,0,0,0,0,0
"576275: Kasba, Kolkata","NIC Dryfruit Over Load 500ml",Nos,"Ice Cream 500ML",13,20,0,0,0,0,0,28,0,0,0,0,5
"576275: Kasba, Kolkata","NIC French Vanilla 500ml",Nos,"Ice Cream 500ML",9,20,0,0,0,0,0,18,0,0,0,0,11
"576275: Kasba, Kolkata","NIC Gajar Halwa 500ml",Nos,"Ice Cream 500ML",0,0,0,0,0,0,0,0,0,0,0,0,0
"576275: Kasba, Kolkata","NIC Gulab Jamun 500ml",Nos,"Ice Cream 500ML",1,12,0,0,0,0,0,11,0,0,0,0,2
"576275: Kasba, Kolkata","NIC Jackfruit 500ml",Nos,"Ice Cream 500ML",0,0,0,0,0,0,0,0,0,0,0,0,0
"576275: Kasba, Kolkata","NIC Jaggery Almond 500ml",Nos,"Ice Cream 500ML",0,0,0,0,0,0,0,0,0,0,0,0,0
"576275: Kasba, Kolkata","NIC Kala Jamun 500ml",Nos,"Ice Cream 500ML",0,0,0,0,0,0,0,0,0,0,0,0,0
"576275: Kasba, Kolkata","NIC Kesar Pista 500ml",Nos,"Ice Cream 500ML",3,48,1,0,0,0,0,39,0,0,0,0,11
"576275: Kasba, Kolkata","NIC Kiwi N Pears 500ml",Nos,"Ice Cream 500ML",0,0,0,0,0,0,0,0,0,0,0,0,0
"576275: Kasba, Kolkata","NIC Litchi 500ml",Nos,"Ice Cream 500ML",0,0,0,0,0,0,0,0,0,0,0,0,0
"576275: Kasba, Kolkata","NIC Macadamia Nuts 500ml",Nos,"Ice Cream 500ML",0,0,0,0,0,0,0,0,0,0,0,0,0
"576275: Kasba, Kolkata","NIC Madagascar 500ml",Nos,"Ice Cream 500ML",2,19,0,0,0,0,0,17,0,0,0,0,4
"576275: Kasba, Kolkata","NIC Malai Barfi 500ml",Nos,"Ice Cream 500ML",0,0,0,0,0,0,0,0,0,0,0,0,0
"576275: Kasba, Kolkata","NIC Mixed Berries 500ml",Nos,"Ice Cream 500ML",15,14,0,0,0,0,0,21,0,0,0,0,8
"576275: Kasba, Kolkata","NIC Modak 500ml",Nos,"Ice Cream 500ML",0,0,0,0,0,0,0,0,0,0,0,0,0
"576275: Kasba, Kolkata","NIC Motichoor Ladoo 500ml",Nos,"Ice Cream 500ML",0,0,0,0,0,0,0,0,0,0,0,0,0
"576275: Kasba, Kolkata","NIC Paan 500ml",Nos,"Ice Cream 500ML",0,7,0,0,0,0,0,5,0,0,0,0,2
"576275: Kasba, Kolkata","NIC Pani Puri 500ml",Nos,"Ice Cream 500ML",0,0,0,0,0,0,0,0,0,0,0,0,0
"576275: Kasba, Kolkata","NIC Panjiri 500ml",Nos,"Ice Cream 500ML",0,0,0,0,0,0,0,0,0,0,0,0,0
"576275: Kasba, Kolkata","NIC Plum Cake 500ml",Nos,"Ice Cream 500ML",0,0,0,0,0,0,0,0,0,0,0,0,0
"576275: Kasba, Kolkata","NIC Roasted Almond 500ml",Nos,"Ice Cream 500ML",7,22,5,0,0,0,0,17,0,0,0,0,7
"576275: Kasba, Kolkata","NIC Sea Salt Caramel 500ml",Nos,"Ice Cream 500ML",0,22,0,0,0,0,0,13,0,0,0,0,9
"576275: Kasba, Kolkata","NIC Sheer Khurma 500ml",Nos,"Ice Cream 500ML",0,0,0,0,0,0,0,0,0,0,0,0,0
"576275: Kasba, Kolkata","NIC Sitaphal 500ml",Nos,"Ice Cream 500ML",0,36,1,0,0,0,0,21,0,0,0,0,14
"576275: Kasba, Kolkata","NIC Strawberry 500ml",Nos,"Ice Cream 500ML",1,6,0,0,0,0,0,10,0,0,0,0,-3
"576275: Kasba, Kolkata","NIC Strawberry Cheesecake 500ml",Nos,"Ice Cream 500ML",0,4,0,0,0,0,0,4,0,0,0,0,0
"576275: Kasba, Kolkata","NIC Tender Coconut 500ml",Nos,"Ice Cream 500ML",34,123,4,0,0,0,0,146,0,0,0,0,7
"576275: Kasba, Kolkata","NIC Tender Coconut Lite 500ml",Nos,"Ice Cream 500ML",0,0,0,0,0,0,0,0,0,0,0,0,0
"576275: Kasba, Kolkata","NIC Thandai 500ml",Nos,"Ice Cream 500ML",0,0,0,0,0,0,0,0,0,0,0,0,0
"576275: Kasba, Kolkata","NIC Tilgud & Revdi Ice Cream 500ml",Nos,"Ice Cream 500ML",0,0,0,0,0,0,0,0,0,0,0,0,0
"576275: Kasba, Kolkata","NIC Velvety Nutella 500ml",Nos,"Ice Cream 500ML",1,4,0,0,0,0,0,5,0,0,0,0,0
"576275: Kasba, Kolkata","Nic BisCrunch Ice Cream 500ml",Nos,"Ice Cream 500ML",2,0,0,0,0,0,0,2,0,0,0,0,0
"576275: Kasba, Kolkata","Nic Britannia Bourbon Ice Cream 500ml",Nos,"Ice Cream 500ML",0,0,0,0,0,0,0,0,0,0,0,0,0
"576275: Kasba, Kolkata","NIC Alphonso Mango 750ml",Nos,"Ice Cream 750ML",0,12,0,0,0,0,0,9,0,0,0,0,3
"576275: Kasba, Kolkata","NIC Anjeer 750ml",Nos,"Ice Cream 750ML",0,0,0,0,0,0,0,0,0,0,0,0,0
"576275: Kasba, Kolkata","NIC Choco Chips 750ml",Nos,"Ice Cream 750ML",7,12,0,0,0,0,0,17,0,0,0,0,2
"576275: Kasba, Kolkata","NIC Coffee Walnut 750ml",Nos,"Ice Cream 750ML",0,0,0,0,0,0,0,0,0,0,0,0,0
"576275: Kasba, Kolkata","NIC Dryfruit Over Load 750ml",Nos,"Ice Cream 750ML",0,0,0,0,0,0,0,0,0,0,0,0,0
"576275: Kasba, Kolkata","NIC Kesar Pista 750ml",Nos,"Ice Cream 750ML",0,0,0,0,0,0,0,0,0,0,0,0,0
"576275: Kasba, Kolkata","NIC Madagascar 750ml",Nos,"Ice Cream 750ML",0,7,0,0,0,0,0,8,0,0,0,0,-1
"576275: Kasba, Kolkata","NIC Mixed Berries 750ml",Nos,"Ice Cream 750ML",0,0,0,0,0,0,0,0,0,0,0,0,0
"576275: Kasba, Kolkata","NIC Paper Bag Medium",Nos,"Ice Cream 750ML",3060,0,0,0,0,0,0,0,0,0,0,0,3060
"576275: Kasba, Kolkata","NIC Sitaphal 750ml",Nos,"Ice Cream 750ML",0,0,0,0,0,0,0,0,0,0,0,0,0
"576275: Kasba, Kolkata","NIC Strawberry Cheesecake 750ml",Nos,"Ice Cream 750ML",0,0,0,0,0,0,0,0,0,0,0,0,0
"576275: Kasba, Kolkata","NIC Tender Coconut 750ml",Nos,"Ice Cream 750ML",1,8,1,0,0,0,0,8,0,0,0,0,0
"576275: Kasba, Kolkata","Paper Bag",Kg,"Ice Cream 750ML",390,0,0,0,0,0,0,0,0,0,0,0,390
"576275: Kasba, Kolkata","TD Waffle Cone 110ml x 5 Nos",Nos,"Ice Cream Cones",6,0,0,0,0,0,0,0,0,0,0,0,6
"576275: Kasba, Kolkata","Grameen Slice Jugalbandi Kulfi Choco-Aam 90ml X 3",Box,"Jugalbandi Slice Kulfi - GK",0,0,0,0,0,0,0,0,0,0,0,0,0
"576275: Kasba, Kolkata","Grameen Slice Jugalbandi Kulfi Choco-Malai 90ml X 3",Box,"Jugalbandi Slice Kulfi - GK",0,0,0,0,0,0,0,0,0,0,0,0,0
"576275: Kasba, Kolkata","Grameen Slice Jugalbandi Kulfi Gulkand-Malai 90ml X 3",Box,"Jugalbandi Slice Kulfi - GK",0,0,0,0,0,0,0,0,0,0,0,0,0
"576275: Kasba, Kolkata","CP - No Added Sugar Desi Malai Stick Kulfi 70ml",Nos,Kulfi,-30,0,0,0,0,0,0,7,0,0,0,0,-37
"576275: Kasba, Kolkata","CP - No Added Sugar Kesar Pista Stick Kulfi 70ml",Nos,Kulfi,-34,0,0,0,0,0,0,40,0,0,0,0,-74
"576275: Kasba, Kolkata","CP Matka Kulfi Dryfruit 100ml X 2",Box,Kulfi,-2,17,0,0,0,0,0,23,0,0,0,0,-8
"576275: Kasba, Kolkata","CP Matka Kulfi Malai 100ml X 2",Box,Kulfi,14,38,0,0,0,0,0,33,0,0,0,0,19
"576275: Kasba, Kolkata","CP Slice Kulfi Malai 90ml X 3",Box,Kulfi,11,0,0,0,0,0,0,10,0,0,0,0,1
"576275: Kasba, Kolkata","CP Stick Kulfi Gulkand 70ml X 1",Nos,Kulfi,1,0,0,0,0,0,0,0,0,0,0,0,1
"576275: Kasba, Kolkata","CP Stick Kulfi Jaggery Almond 70ml X 1",Nos,Kulfi,-5,0,0,0,0,0,0,0,0,0,0,0,-5
"576275: Kasba, Kolkata","CP Stick Kulfi Kesar Pista 70ml X 1",Nos,Kulfi,-61,0,0,0,0,0,0,0,0,0,0,0,-61
"576275: Kasba, Kolkata","CP Stick Kulfi Malai 70ml X 1",Nos,Kulfi,-105,0,0,0,0,0,0,0,0,0,0,0,-105
"576275: Kasba, Kolkata","CP Stick Kulfi Paan 70ml X 1",Nos,Kulfi,2,0,0,0,0,0,0,0,0,0,0,0,2
"576275: Kasba, Kolkata","Grameen Maha Matka Kulfi Desi Malai 500ml X 1",Nos,"Mataka Kulfi - GK",0,0,0,0,0,0,0,0,0,0,0,0,0
"576275: Kasba, Kolkata","Grameen Matka Kulfi Desi Malai 100ml X 2",Box,"Mataka Kulfi - GK",25,43,0,0,0,0,0,63,0,0,0,0,5
"576275: Kasba, Kolkata","Grameen Matka Kulfi Dry Fruit 100ml X 2",Box,"Mataka Kulfi - GK",2,39,0,0,0,0,0,26,0,0,0,0,15
"576275: Kasba, Kolkata","Grameen Matka Kulfi Kesar Pista & Gud Badaam 100ml X 2",Box,"Mataka Kulfi - GK",0,0,0,0,0,0,0,0,0,0,0,0,0
"576275: Kasba, Kolkata","Kesar Pista - Malai Matka Kulfi - GK",Nos,"Mataka Kulfi - GK",0,0,0,0,0,0,0,0,0,0,0,0,0
"576275: Kasba, Kolkata","Mango - Malai Matka Kulfi - GK",Nos,"Mataka Kulfi - GK",0,0,0,0,0,0,0,0,0,0,0,0,0
"576275: Kasba, Kolkata","Thandai - Gulkand Matka Kulfi - GK",Nos,"Mataka Kulfi - GK",0,0,0,0,0,0,0,0,0,0,0,0,0
"576275: Kasba, Kolkata","Grameen Matka Kulfi Gud Badaam 100ml X 2",Box,"Matka Kulfi - GK",0,0,0,0,0,0,0,0,0,0,0,0,0
"576275: Kasba, Kolkata","Grameen Matka Kulfi Kesar Pista 100ml X 2",Box,"Matka Kulfi - GK",0,40,0,0,0,0,0,38,0,0,0,0,2
"576275: Kasba, Kolkata","Grameen Matka Kulfi Mango 100ml X 2",Box,"Matka Kulfi - GK",11,35,0,0,0,0,0,46,0,0,0,0,0
"576275: Kasba, Kolkata","Grameen Matka Kulfi Shahi Gulkand 100ml X 2",Box,"Matka Kulfi - GK",8,8,0,0,0,0,0,11,0,0,0,0,5
"576275: Kasba, Kolkata","Grameen Matka Kulfi Thandai 100ml X 2",Box,"Matka Kulfi - GK",0,0,0,0,0,0,0,0,0,0,0,0,0
"576275: Kasba, Kolkata","Meemees Showstopper",Nos,"Meemees Gifting",0,0,0,0,0,0,0,0,0,0,0,0,0
"576275: Kasba, Kolkata","Meemees Toastie Treasure (pack Of 12)",Nos,"Meemees Gifting",0,0,0,0,0,0,0,0,0,0,0,0,0
"576275: Kasba, Kolkata","Meemees Downright Dark 1/2 Kg",Nos,"Meemees Ice Cream Cake 1/2 & 1 Kg",0,0,0,0,0,0,0,0,0,0,0,0,0
"576275: Kasba, Kolkata","Meemees Downright Dark 1kg",Nos,"Meemees Ice Cream Cake 1/2 & 1 Kg",0,0,0,0,0,0,0,0,0,0,0,0,0
"576275: Kasba, Kolkata","Meemees Mocha Caramel 1/2 Kg",Nos,"Meemees Ice Cream Cake 1/2 & 1 Kg",2,0,0,0,0,0,0,0,0,0,0,0,2
"576275: Kasba, Kolkata","Meemees Mocha Caramel 1kg",Nos,"Meemees Ice Cream Cake 1/2 & 1 Kg",0,0,0,0,0,0,0,0,0,0,0,0,0
"576275: Kasba, Kolkata","Meemees The Signature 1 Kg",Nos,"Meemees Ice Cream Cake 1/2 & 1 Kg",0,0,0,0,0,0,0,0,0,0,0,0,0
"576275: Kasba, Kolkata","Meemees The Signature 1/2 Kg",Nos,"Meemees Ice Cream Cake 1/2 & 1 Kg",2,2,0,0,0,0,0,3,0,0,0,0,1
"576275: Kasba, Kolkata","Belgian Chocolate Ice Cream Tub (300ml)",Nos,"Meemees Ice Cream Tubs (300ml)",0,0,0,0,0,0,0,0,0,0,0,0,0
"576275: Kasba, Kolkata","Rocky Road Ice Cream Tub (300ml)",Nos,"Meemees Ice Cream Tubs (300ml)",0,0,0,0,0,0,0,0,0,0,0,0,0
"576275: Kasba, Kolkata","Sea Salt Caramel Ice Cream Tub (300ml)",Nos,"Meemees Ice Cream Tubs (300ml)",0,0,0,0,0,0,0,0,0,0,0,0,0
"576275: Kasba, Kolkata","Vietnamese Iced Coffee Ice Cream Tub (300ml)",Nos,"Meemees Ice Cream Tubs (300ml)",0,0,0,0,0,0,0,0,0,0,0,0,0
"576275: Kasba, Kolkata","Meemee's Pistachio Please Ice Cream Tub (100ml)",Nos,"Meemees Ice Cream Tubs 100ml",0,0,0,0,0,0,0,0,0,0,0,0,0
"576275: Kasba, Kolkata","Meemees 70% Dark Chocolate Tub 100ml",Nos,"Meemees Ice Cream Tubs 100ml",6,0,0,0,0,0,0,3,0,0,0,0,3
"576275: Kasba, Kolkata","Meemees Almonds Ahoy 100ml",Nos,"Meemees Ice Cream Tubs 100ml",0,0,0,0,0,0,0,0,0,0,0,0,0
"576275: Kasba, Kolkata","Meemees Belgian Chocolate 100ml",Nos,"Meemees Ice Cream Tubs 100ml",4,6,0,0,0,0,0,2,0,0,0,0,8
"576275: Kasba, Kolkata","Meemees Brown Butter Almond 100ml",Nos,"Meemees Ice Cream Tubs 100ml",5,0,0,0,0,0,0,5,0,0,0,0,0
"576275: Kasba, Kolkata","Meemees Cookies & Cream 100ml",Nos,"Meemees Ice Cream Tubs 100ml",5,0,0,0,0,0,0,0,0,0,0,0,5
"576275: Kasba, Kolkata","Meemees Fudgy Coffee 100ml",Nos,"Meemees Ice Cream Tubs 100ml",0,0,0,0,0,0,0,0,0,0,0,0,0
"576275: Kasba, Kolkata","Meemees Malted Cookie Dough Tub 100ml",Nos,"Meemees Ice Cream Tubs 100ml",6,0,0,0,0,0,0,2,0,0,0,0,4
"576275: Kasba, Kolkata","Meemees Mint & Chip Tub 100ml",Nos,"Meemees Ice Cream Tubs 100ml",0,0,0,0,0,0,0,0,0,0,0,0,0
"576275: Kasba, Kolkata","Meemees Mixed Berry Mascarpone 100ml",Nos,"Meemees Ice Cream Tubs 100ml",0,0,0,0,0,0,0,0,0,0,0,0,0
"576275: Kasba, Kolkata","Meemees Passionfruit Sorbet 100ml",Nos,"Meemees Ice Cream Tubs 100ml",0,0,0,0,0,0,0,0,0,0,0,0,0
"576275: Kasba, Kolkata","Meemees Rocky Road 100ml",Nos,"Meemees Ice Cream Tubs 100ml",6,6,0,0,0,0,0,9,0,0,0,0,3
"576275: Kasba, Kolkata","Meemees Rose Garden Tub 100ml",Nos,"Meemees Ice Cream Tubs 100ml",0,0,0,0,0,0,0,0,0,0,0,0,0
"576275: Kasba, Kolkata","Meemees Sea Salt Caramel 100ml",Nos,"Meemees Ice Cream Tubs 100ml",5,6,0,0,0,0,0,2,0,0,0,0,9
"576275: Kasba, Kolkata","Meemees Simply Mango Ice Cream Tub (100ml)",Nos,"Meemees Ice Cream Tubs 100ml",0,0,0,0,0,0,0,0,0,0,0,0,0
"576275: Kasba, Kolkata","Meemees Splendid Strawberry Ice Cream Tub (100ml)",Nos,"Meemees Ice Cream Tubs 100ml",0,0,0,0,0,0,0,0,0,0,0,0,0
"576275: Kasba, Kolkata","Meemees Toasted Coconut Macaroon 100ml",Nos,"Meemees Ice Cream Tubs 100ml",0,0,0,0,0,0,0,0,0,0,0,0,0
"576275: Kasba, Kolkata","Meemees Vanilla Bean 100ml",Nos,"Meemees Ice Cream Tubs 100ml",0,6,0,0,0,0,0,0,0,0,0,0,6
"576275: Kasba, Kolkata","Meemees Vegan Dark Chocolate 100ml",Nos,"Meemees Ice Cream Tubs 100ml",0,0,0,0,0,0,0,0,0,0,0,0,0
"576275: Kasba, Kolkata","Meemees Vietnamese Iced Coffee 100ml",Nos,"Meemees Ice Cream Tubs 100ml",6,0,0,0,0,0,0,3,0,0,0,0,3
"576275: Kasba, Kolkata","Meemee's Pistachio Please Ice Cream Tub (500ml)",Nos,"Meemees Ice Cream Tubs 500ml",0,0,0,0,0,0,0,0,0,0,0,0,0
"576275: Kasba, Kolkata","Meemees 70% Dark Chocolate Tub 500ml",Nos,"Meemees Ice Cream Tubs 500ml",1,0,0,0,0,0,0,1,0,0,0,0,0
"576275: Kasba, Kolkata","Meemees Belgian Chocolate 500ml",Nos,"Meemees Ice Cream Tubs 500ml",1,0,0,0,0,0,0,0,0,0,0,0,1
"576275: Kasba, Kolkata","Meemees Brown Butter Almond 500ml",Nos,"Meemees Ice Cream Tubs 500ml",0,0,0,0,0,0,0,0,0,0,0,0,0
"576275: Kasba, Kolkata","Meemees Cookies & Cream 500ml",Nos,"Meemees Ice Cream Tubs 500ml",0,0,0,0,0,0,0,0,0,0,0,0,0
"576275: Kasba, Kolkata","Meemees Fudgy Coffee 500ml",Nos,"Meemees Ice Cream Tubs 500ml",0,0,0,0,0,0,0,0,0,0,0,0,0
"576275: Kasba, Kolkata","Meemees Mixed Berry Mascarpone 500ml",Nos,"Meemees Ice Cream Tubs 500ml",0,0,0,0,0,0,0,0,0,0,0,0,0
"576275: Kasba, Kolkata","Meemees Passionfruit Sorbet 500ml",Nos,"Meemees Ice Cream Tubs 500ml",0,0,0,0,0,0,0,0,0,0,0,0,0
"576275: Kasba, Kolkata","Meemees Rocky Road 500ml",Nos,"Meemees Ice Cream Tubs 500ml",0,0,0,0,0,0,0,0,0,0,0,0,0
"576275: Kasba, Kolkata","Meemees Sea Salt Caramel 500ml",Nos,"Meemees Ice Cream Tubs 500ml",1,0,0,0,0,0,0,0,0,0,0,0,1
"576275: Kasba, Kolkata","Meemees Vanilla Bean 500ml",Nos,"Meemees Ice Cream Tubs 500ml",0,0,0,0,0,0,0,0,0,0,0,0,0
"576275: Kasba, Kolkata","Meemees Vegan Dark Chocolate 500ml",Nos,"Meemees Ice Cream Tubs 500ml",0,0,0,0,0,0,0,0,0,0,0,0,0
"576275: Kasba, Kolkata","Meemees Vietnamese Iced Coffee 500ml",Nos,"Meemees Ice Cream Tubs 500ml",1,0,0,0,0,0,0,0,0,0,0,0,1
"576275: Kasba, Kolkata","Assorted Roleys (Box of 6)",Nos,"Meemees Roleys",2,5,0,0,0,0,0,2,0,0,0,0,5
"576275: Kasba, Kolkata","Meemees Roleys Belgian Chocolate",Nos,"Meemees Roleys",2,5,0,0,0,0,0,2,0,0,0,0,5
"576275: Kasba, Kolkata","Meemees Roleys Brown Butter Almond",Nos,"Meemees Roleys",4,4,0,0,0,0,0,3,0,0,0,0,5
"576275: Kasba, Kolkata","Meemees Roleys Cookies & Cream",Nos,"Meemees Roleys",3,3,0,0,0,0,0,1,0,0,0,0,5
"576275: Kasba, Kolkata","Meemees Roleys Sea Salt Caramel",Nos,"Meemees Roleys",4,2,0,0,0,0,0,3,0,0,0,0,3
"576275: Kasba, Kolkata","Meemees Roleys Vanilla Bean",Nos,"Meemees Roleys",4,3,0,0,0,0,0,3,0,0,0,0,4
"576275: Kasba, Kolkata","Meemees Roleys Vietnamese Iced Coffee",Nos,"Meemees Roleys",2,6,0,0,0,0,0,2,0,0,0,0,6
"576275: Kasba, Kolkata","The Better Half Bundle",Nos,"Meemees Roleys",0,0,0,0,0,0,0,0,0,0,0,0,0
"576275: Kasba, Kolkata","Meemees Toasties 70% Dark Chocolate",Nos,"Meemees Toasties",4,15,0,0,0,0,0,4,0,0,0,0,15
"576275: Kasba, Kolkata","Meemees Toasties Assorted Toasties (pack Of 12)",Nos,"Meemees Toasties",0,0,0,0,0,0,0,0,0,0,0,0,0
"576275: Kasba, Kolkata","Meemees Toasties Assorted Toasties (pack Of 6)",Nos,"Meemees Toasties",5,3,0,0,0,0,0,5,0,0,0,0,3
"576275: Kasba, Kolkata","Meemees Toasties Belgian Chocolate.",Nos,"Meemees Toasties",7,15,0,0,0,0,0,13,0,0,0,0,9
"576275: Kasba, Kolkata","Meemees Toasties Brown Butter Almond.",Nos,"Meemees Toasties",4,0,0,0,0,0,0,3,0,0,0,0,1
"576275: Kasba, Kolkata","Meemees Toasties Cookies & Cream.",Nos,"Meemees Toasties",0,10,0,0,0,0,0,3,0,0,0,0,7
"576275: Kasba, Kolkata","Meemees Toasties Sea Salt Caramel.",Nos,"Meemees Toasties",5,15,0,0,0,0,0,16,0,0,0,0,4
"576275: Kasba, Kolkata","Meemees Toasties Splendid Strawberry (box Of 2).",Nos,"Meemees Toasties",0,0,0,0,0,0,0,0,0,0,0,0,0
"576275: Kasba, Kolkata","Meemees Toasties Toasted Coconut Macaroon.",Nos,"Meemees Toasties",0,0,0,0,0,0,0,0,0,0,0,0,0
"576275: Kasba, Kolkata","Meemees Toasties Vanilla Bean.",Nos,"Meemees Toasties",4,10,0,0,0,0,0,4,0,0,0,0,10
"576275: Kasba, Kolkata","Meemees Toasties Vietnamese Iced Coffee.",Nos,"Meemees Toasties",4,15,0,0,0,0,0,9,0,0,0,0,10
"576275: Kasba, Kolkata","Mother’s Day Bundle (Pack of 2)",Nos,"Meemees Toasties",0,0,0,0,0,0,0,0,0,0,0,0,0
"576275: Kasba, Kolkata","Meemee's Signature 125 Ml",Nos,"Meemees Tubsters",1,12,0,0,0,0,0,7,0,0,0,0,6
"576275: Kasba, Kolkata","Meemees Cookie Monster 300 Ml",Nos,"Meemees Tubsters",0,3,0,0,0,0,0,0,0,0,0,0,3
"576275: Kasba, Kolkata","Meemees Mango Dolly 125 Ml",Nos,"Meemees Tubsters",0,0,0,0,0,0,0,0,0,0,0,0,0
"576275: Kasba, Kolkata","Meemees Meemee's Signature 300 Ml",Nos,"Meemees Tubsters",5,5,0,0,0,0,0,9,0,0,0,0,1
"576275: Kasba, Kolkata","Meemees Raspberry Dolly 125 Ml",Nos,"Meemees Tubsters",0,0,0,0,0,0,0,0,0,0,0,0,0
"576275: Kasba, Kolkata","Meemees Timeless Tiramisu 125 Ml",Nos,"Meemees Tubsters",-1,12,0,0,0,0,0,4,0,0,0,0,7
"576275: Kasba, Kolkata","Meemees Timeless Tiramisu 300 Ml",Nos,"Meemees Tubsters",4,6,0,0,0,0,0,3,0,0,0,0,7
"576275: Kasba, Kolkata","Meemees Very Berry Cheesecake 300 Ml",Nos,"Meemees Tubsters",0,3,0,0,0,0,0,0,0,0,0,0,3
"576275: Kasba, Kolkata","Rocky Ride Tubsters (125ml)",Nos,"Meemees Tubsters",0,0,0,0,0,0,0,0,0,0,0,0,0
"576275: Kasba, Kolkata","Very Berry Cheesecake Tubsters (125ml)",Nos,"Meemees Tubsters",0,0,0,0,0,0,0,0,0,0,0,0,0
"576275: Kasba, Kolkata","Mimo Alphonso Mango Tub 750ml",Nos,Mimo,1,5,0,0,0,0,0,6,0,0,0,0,0
"576275: Kasba, Kolkata","Mimo Belgian Chocolate 120ml",Nos,Mimo,13,8,0,0,0,0,0,15,0,0,0,0,6
"576275: Kasba, Kolkata","Mimo Belgian Chocolate Tub 750ml",Nos,Mimo,1,0,0,0,0,0,0,1,0,0,0,0,0
"576275: Kasba, Kolkata","Mimo Berry Strawberry 700ml",Nos,Mimo,0,0,0,0,0,0,0,0,0,0,0,0,0
"576275: Kasba, Kolkata","Mimo Biggie Ice Cream Sandwich 100ml X 8",Box,Mimo,0,0,0,0,0,0,0,0,0,0,0,0,0
"576275: Kasba, Kolkata","Mimo Black Forest Ice Cream Cake 1000ml",Nos,Mimo,0,0,0,0,0,0,0,0,0,0,0,0,0
"576275: Kasba, Kolkata","Mimo Butterscotch 700ml",Nos,Mimo,0,0,0,0,0,0,0,0,0,0,0,0,0
"576275: Kasba, Kolkata","Mimo Cassata Ice Cream Cake 500ml",Nos,Mimo,0,0,0,0,0,0,0,0,0,0,0,0,0
"576275: Kasba, Kolkata","Mimo Choco Brownie Tub 750ml",Nos,Mimo,0,0,0,0,0,0,0,0,0,0,0,0,0
"576275: Kasba, Kolkata","Mimo Choco Disc Cone 120ml ",Nos,Mimo,18,0,0,0,0,0,0,8,0,0,0,0,10
"576275: Kasba, Kolkata","Mimo Choco Xplosion 60ml ",Nos,Mimo,0,0,0,0,0,0,0,0,0,0,0,0,0
"576275: Kasba, Kolkata","Mimo Chocochips 700ml",Nos,Mimo,0,0,0,0,0,0,0,0,0,0,0,0,0
"576275: Kasba, Kolkata","Mimo Chocochips Ice Cream Cake 500ml",Nos,Mimo,1,0,0,0,0,0,0,0,0,0,0,0,1
"576275: Kasba, Kolkata","Mimo Classic American Nuts Tub 750ml",Nos,Mimo,6,9,0,0,0,0,0,10,0,0,0,0,5
"576275: Kasba, Kolkata","Mimo Crave Cone Alphonso Mango 120ml",Nos,Mimo,17,8,0,0,0,0,0,12,0,0,0,0,13
"576275: Kasba, Kolkata","Mimo Crave Cone Black Currant 120ml ",Nos,Mimo,6,16,0,0,0,0,0,12,0,0,0,0,10
"576275: Kasba, Kolkata","Mimo Crave Cone Crunchy Butterscotch 120ml",Nos,Mimo,0,16,0,0,0,0,0,13,0,0,0,0,3
"576275: Kasba, Kolkata","Mimo Crave Cone Rich Chocochips 120ml",Nos,Mimo,0,0,0,0,0,0,0,0,0,0,0,0,0
"576275: Kasba, Kolkata","Mimo Crave Cone Strawberry Rush 120ml ",Nos,Mimo,13,8,0,0,0,0,0,12,0,0,0,0,9
"576275: Kasba, Kolkata","Mimo Creamy Vanilla Tub 750ml",Nos,Mimo,0,0,0,0,0,0,0,0,0,0,0,0,0
"576275: Kasba, Kolkata","Mimo Golden Fantasy Ice Cream Cake 1000ml",Nos,Mimo,0,0,0,0,0,0,0,0,0,0,0,0,0
"576275: Kasba, Kolkata","Mimo Mango Magic 700ml",Nos,Mimo,0,0,0,0,0,0,0,0,0,0,0,0,0
"576275: Kasba, Kolkata","Mimo Mega Bar Almond Crunch 80ml ",Nos,Mimo,12,32,0,0,0,0,0,28,0,0,0,0,16
"576275: Kasba, Kolkata","Mimo Mega Bar Alphonso Mango 80ml",Nos,Mimo,14,16,0,0,0,0,0,8,0,0,0,0,22
"576275: Kasba, Kolkata","Mimo Mega Bar Chocolate Truffle 80ml ",Nos,Mimo,1,0,0,0,0,0,0,0,0,0,0,0,1
"576275: Kasba, Kolkata","Mimo Mixed Berries Cup 120ml ",Nos,Mimo,2,0,0,0,0,0,0,2,0,0,0,0,0
"576275: Kasba, Kolkata","Mimo Pista Almond Cup 120ml ",Nos,Mimo,3,0,0,0,0,0,0,0,0,0,0,0,3
"576275: Kasba, Kolkata","Mimo Rajbhog Kulfi 50ml ",Nos,Mimo,0,60,0,0,0,0,0,36,0,0,0,0,24
"576275: Kasba, Kolkata","Mimo Rich Chocochips Tub 750ml",Nos,Mimo,0,16,0,0,0,0,0,17,0,0,0,0,-1
"576275: Kasba, Kolkata","Mimo Shahi Kulfi 50ml ",Nos,Mimo,0,0,0,0,0,0,0,0,0,0,0,0,0
"576275: Kasba, Kolkata","Mimo Silk Chocolate Cup 120ml ",Nos,Mimo,10,0,0,0,0,0,0,8,0,0,0,0,2
"576275: Kasba, Kolkata","Mimo Strawberry Rush Tub 750ml",Nos,Mimo,3,8,0,0,0,0,0,9,0,0,0,0,2
"576275: Kasba, Kolkata","Mimo Vanilla 700ml",Nos,Mimo,0,0,0,0,0,0,0,0,0,0,0,0,0
"576275: Kasba, Kolkata","Belgian Chocolate No Added Sugar 100ml",Nos,"Nic - No Added Sugar",3,24,0,0,0,0,0,23,0,0,0,0,4
"576275: Kasba, Kolkata","Nic Alphonso Mango No Added Sugar 100ml",Nos,"Nic - No Added Sugar",8,24,0,0,0,0,0,33,0,0,0,0,-1
"576275: Kasba, Kolkata","Nic Alphonso Mango No Added Sugar 500ml",Nos,"Nic - No Added Sugar",7,10,0,0,0,0,0,11,0,0,0,0,6
"576275: Kasba, Kolkata","Nic Anjeer No Added Sugar 100ml",Nos,"Nic - No Added Sugar",0,18,0,0,0,0,0,18,0,0,0,0,0
"576275: Kasba, Kolkata","Nic Anjeer No Added Sugar 500ml",Nos,"Nic - No Added Sugar",0,1,0,0,0,0,0,2,0,0,0,0,-1
"576275: Kasba, Kolkata","Nic Belgian Chocolate No Added Sugar 500ml",Nos,"Nic - No Added Sugar",3,10,0,0,0,0,0,8,0,0,0,0,5
"576275: Kasba, Kolkata","Nic Kesar Pista No Added Sugar 100ml No Added Sugar",Nos,"Nic - No Added Sugar",0,0,0,0,0,0,0,0,0,0,0,0,0
"576275: Kasba, Kolkata","Nic Kesar Pista No Added Sugar 500ml No Added Sugar",Nos,"Nic - No Added Sugar",0,0,0,0,0,0,0,0,0,0,0,0,0
"576275: Kasba, Kolkata","Nic Roasted Almond No Added Sugar 100ml",Nos,"Nic - No Added Sugar",0,0,0,0,0,0,0,0,0,0,0,0,0
"576275: Kasba, Kolkata","Nic Roasted Almond No Added Sugar 500ml",Nos,"Nic - No Added Sugar",1,11,0,0,0,0,0,12,0,0,0,0,0
"576275: Kasba, Kolkata","Nic Tender Coconut No Added Sugar 100ml",Nos,"Nic - No Added Sugar",1,30,0,0,0,0,0,30,0,0,0,0,1
"576275: Kasba, Kolkata","Nic Tender Coconut No Added Sugar 500ml",Nos,"Nic - No Added Sugar",0,8,0,0,0,0,0,8,0,0,0,0,0
"576275: Kasba, Kolkata","Butterscotch - Chocolate - Gud Badaam Slice Kulfi - GK",Nos,"Slice Kulfi - GK",0,0,0,0,0,0,0,0,0,0,0,0,0
"576275: Kasba, Kolkata","Grameen Slice Kulfi Desi Malai 90ml X 3",Box,"Slice Kulfi - GK",20,30,0,0,0,0,0,38,0,0,0,0,12
"576275: Kasba, Kolkata","Grameen Slice Kulfi Kesar Pista 90ml X 3",Box,"Slice Kulfi - GK",0,15,0,0,0,0,0,14,0,0,0,0,1
"576275: Kasba, Kolkata","Grameen Slice Kulfi Malai & Kesar Pista & Gud Badaam 90mlX10",Box,"Slice Kulfi - GK",0,0,0,0,0,0,0,0,0,0,0,0,0
"576275: Kasba, Kolkata","Grameen Slice Kulfi Mango 90ml X 3",Box,"Slice Kulfi - GK",0,0,0,0,0,0,0,0,0,0,0,0,0
"576275: Kasba, Kolkata","Grameen Slice Kulfi Shahi Gulkand 90ml X 3",Box,"Slice Kulfi - GK",6,5,0,0,0,0,0,9,0,0,0,0,2
"576275: Kasba, Kolkata","Grameen Slice Kulfi Thandai & Kesar Pista & Anjeer 90ml X 10",Box,"Slice Kulfi - GK",0,0,0,0,0,0,0,0,0,0,0,0,0
"576275: Kasba, Kolkata","Malai - Kesar Pista-Mango Slice Kulfi - GK",Nos,"Slice Kulfi - GK",0,0,0,0,0,0,0,0,0,0,0,0,0
"576275: Kasba, Kolkata","Malai - Mango - Sitaphal Slice Kulfi - GK",Nos,"Slice Kulfi - GK",0,0,0,0,0,0,0,0,0,0,0,0,0
"576275: Kasba, Kolkata","GR Printed Paper Bag",Nos,"Stick Kulfi - GK",2500,0,0,0,0,0,0,0,0,0,0,0,2500
"576275: Kasba, Kolkata","Grameen Stick Kulfi Alphonso Mango 70ml X 1",Nos,"Stick Kulfi - GK",50,60,0,0,0,0,0,47,0,0,0,0,63
"576275: Kasba, Kolkata","Grameen Stick Kulfi Anjeer 70ml X 1",Nos,"Stick Kulfi - GK",18,20,0,0,0,0,0,22,0,0,0,0,16
"576275: Kasba, Kolkata","Grameen Stick Kulfi Butterscotch 70ml X 1",Nos,"Stick Kulfi - GK",16,60,0,0,0,0,0,18,0,0,0,0,58
"576275: Kasba, Kolkata","Grameen Stick Kulfi Calcutta Paan 70ml X 1",Nos,"Stick Kulfi - GK",51,60,0,0,0,0,0,65,0,0,0,0,46
"576275: Kasba, Kolkata","Grameen Stick Kulfi Chocolate 70ml X 1",Nos,"Stick Kulfi - GK",34,20,0,0,0,0,0,31,0,0,0,0,23
"576275: Kasba, Kolkata","Grameen Stick Kulfi Desi Malai 70ml X 1",Nos,"Stick Kulfi - GK",171,180,0,0,0,0,0,211,0,0,0,0,140
"576275: Kasba, Kolkata","Grameen Stick Kulfi Gud Badaam 70ml X 1",Nos,"Stick Kulfi - GK",35,40,0,0,0,0,0,19,0,0,0,0,56
"576275: Kasba, Kolkata","Grameen Stick Kulfi Kesar Pista 70ml X 1",Nos,"Stick Kulfi - GK",163,180,0,0,0,0,0,220,0,0,0,0,123
"576275: Kasba, Kolkata","Grameen Stick Kulfi Shahi Gulkand 70ml X 1",Nos,"Stick Kulfi - GK",53,0,0,0,0,0,0,42,0,0,0,0,11
"576275: Kasba, Kolkata","Grameen Stick Kulfi Sitaphal 70ml X 1",Nos,"Stick Kulfi - GK",0,0,0,0,0,0,0,0,0,0,0,0,0
"576275: Kasba, Kolkata","Grameen Stick Kulfi Thandai 70ml X 1",Nos,"Stick Kulfi - GK",1,0,0,0,0,0,0,0,0,0,0,0,1
"576275: Kasba, Kolkata","NIC Alphonso Mango Sugarless 100ml",Nos,"Sugarless 100 Ml Ice Creams",0,0,0,0,0,0,0,0,0,0,0,0,0
"576275: Kasba, Kolkata","NIC Anjeer Sugarless 100ml",Nos,"Sugarless 100 Ml Ice Creams",0,0,0,0,0,0,0,0,0,0,0,0,0
"576275: Kasba, Kolkata","NIC Belgian Chocolate Sugarless 100ml",Nos,"Sugarless 100 Ml Ice Creams",0,0,0,0,0,0,0,0,0,0,0,0,0
"576275: Kasba, Kolkata","NIC Roasted Almond Sugarless 100ml",Nos,"Sugarless 100 Ml Ice Creams",0,0,0,0,0,0,0,0,0,0,0,0,0
"576275: Kasba, Kolkata","NIC Tender Coconut Sugarless 100ml",Nos,"Sugarless 100 Ml Ice Creams",0,0,0,0,0,0,0,0,0,0,0,0,0
"576275: Kasba, Kolkata","NIC Alphonso Mango Sugarless 500ml",Nos,"Sugarless 500 Ml Ice Creams",0,0,0,0,0,0,0,0,0,0,0,0,0
"576275: Kasba, Kolkata","NIC Anjeer Sugarless 500ml",Nos,"Sugarless 500 Ml Ice Creams",0,0,0,0,0,0,0,0,0,0,0,0,0
"576275: Kasba, Kolkata","NIC Belgian Chocolate Sugarless 500ml",Nos,"Sugarless 500 Ml Ice Creams",0,0,0,0,0,0,0,0,0,0,0,0,0
"576275: Kasba, Kolkata","NIC Roasted Almond Sugarless 500ml",Nos,"Sugarless 500 Ml Ice Creams",0,0,0,0,0,0,0,0,0,0,0,0,0
"576275: Kasba, Kolkata","NIC Tender Coconut Sugarless 500ml",Nos,"Sugarless 500 Ml Ice Creams",0,0,0,0,0,0,0,0,0,0,0,0,0
"576275: Kasba, Kolkata","Yummo Chocobar 60ml X 12",Nos,"Yummo - Bars",0,0,0,0,0,0,0,0,0,0,0,0,0
"576275: Kasba, Kolkata","Yummo Chocoexplosion 60ml X 12",Nos,"Yummo - Bars",0,0,0,0,0,0,0,0,0,0,0,0,0
"576275: Kasba, Kolkata","Yummo Shahi Kulfi 50ml X 16",Nos,"Yummo - Bars",0,0,0,0,0,0,0,0,0,0,0,0,0
"576275: Kasba, Kolkata","Yummo Alphonso Mango Cone 120ml X 8",Nos,"Yummo - Cones",0,0,0,0,0,0,0,0,0,0,0,0,0
"576275: Kasba, Kolkata","Yummo Black Currant Cone 120ml X 8",Nos,"Yummo - Cones",0,0,0,0,0,0,0,0,0,0,0,0,0
"576275: Kasba, Kolkata","Yummo Butterscotch Cone 120ml X 8",Nos,"Yummo - Cones",0,0,0,0,0,0,0,0,0,0,0,0,0
"576275: Kasba, Kolkata","Yummo Choco Delight Cone 120ml X 8",Nos,"Yummo - Cones",0,0,0,0,0,0,0,0,0,0,0,0,0
"576275: Kasba, Kolkata","Yummo Strawberry Cone 120ml X 8",Nos,"Yummo - Cones",0,0,0,0,0,0,0,0,0,0,0,0,0
"576275: Kasba, Kolkata","Yummo Alphonso Mango 100ml X 8 Cup",Nos,"Yummo - Cups",0,0,0,0,0,0,0,0,0,0,0,0,0
"576275: Kasba, Kolkata","Yummo Butterscotch 100ml X 8 Cup",Nos,"Yummo - Cups",0,0,0,0,0,0,0,0,0,0,0,0,0
"576275: Kasba, Kolkata","Yummo Choco Delight 100ml X 8 Cup",Nos,"Yummo - Cups",0,0,0,0,0,0,0,0,0,0,0,0,0
"576275: Kasba, Kolkata","Yummo Strawberry 100ml X 8 Cup",Nos,"Yummo - Cups",0,0,0,0,0,0,0,0,0,0,0,0,0
"576275: Kasba, Kolkata","Yummo Vanilla 100ml X 8 Cup",Nos,"Yummo - Cups",0,0,0,0,0,0,0,0,0,0,0,0,0
"576275: Kasba, Kolkata","Yummo Alphonso Mango 1ltr Tub",Nos,"Yummo - Family Pack",0,0,0,0,0,0,0,0,0,0,0,0,0
"576275: Kasba, Kolkata","Yummo Butterscotch 1ltr Tub",Nos,"Yummo - Family Pack",0,0,0,0,0,0,0,0,0,0,0,0,0
"576275: Kasba, Kolkata","Yummo Choco Delight 1ltr Tub",Nos,"Yummo - Family Pack",0,0,0,0,0,0,0,0,0,0,0,0,0
"576275: Kasba, Kolkata","Yummo Strawberry 1ltr Tub",Nos,"Yummo - Family Pack",0,0,0,0,0,0,0,0,0,0,0,0,0
"576275: Kasba, Kolkata","Yummo Vanilla 1ltr Tub",Nos,"Yummo - Family Pack",0,0,0,0,0,0,0,0,0,0,0,0,0
"576275: Kasba, Kolkata","Yummo Alphonso Mango 500ml Tub",Nos,"Yummo - Tubs",0,0,0,0,0,0,0,0,0,0,0,0,0
"576275: Kasba, Kolkata","Yummo Butterscotch 500ml Tub",Nos,"Yummo - Tubs",0,0,0,0,0,0,0,0,0,0,0,0,0
"576275: Kasba, Kolkata","Yummo Choco Delight 500ml Tub",Nos,"Yummo - Tubs",0,0,0,0,0,0,0,0,0,0,0,0,0
"576275: Kasba, Kolkata","Yummo Strawberry 500ml Tub",Nos,"Yummo - Tubs",0,0,0,0,0,0,0,0,0,0,0,0,0
"576275: Kasba, Kolkata","Yummo Vanilla 500ml Tub",Nos,"Yummo - Tubs",0,0,0,0,0,0,0,0,0,0,0,0,0
"576275: Kasba, Kolkata","Gelpro Ice Pack 6*4",Nos,"Yummo Packing",0,0,0,0,0,0,0,0,0,0,0,0,0
"576275: Kasba, Kolkata",---,Nos,,0,0,0,0,0,0,0,0,0,0,0,0,0
"576275: Kasba, Kolkata","CP Matka Kulfi Mango 100ml X 2",Box,,0,0,0,0,0,0,0,0,0,0,0,0,0
"576275: Kasba, Kolkata","CP Stick Kulfi Mango 70ml X 1",Nos,,0,0,0,0,0,0,0,0,0,0,0,0,0
"576275: Kasba, Kolkata","Grameen Slice Kulfi Butterscotch 90ml X 3",Box,,0,0,0,0,0,0,0,0,0,0,0,0,0
"576275: Kasba, Kolkata","Grameen Slice Kulfi Gud Badaam 90ml X 3",Box,,0,0,0,0,0,0,0,0,0,0,0,0,0
"576275: Kasba, Kolkata","NIC Butter Scotch 100ml",Nos,,0,0,0,0,0,0,0,0,0,0,0,0,0
"576275: Kasba, Kolkata","NIC Butter Scotch 500ml",Nos,,0,0,0,0,0,0,0,0,0,0,0,0,0
"576275: Kasba, Kolkata","NIC Choco Walnut 500ml",Nos,,0,0,0,0,0,0,0,0,0,0,0,0,0
"576275: Kasba, Kolkata","NIC Cookies N Cream 100ml",Nos,,0,0,0,0,0,0,0,0,0,0,0,0,0
"576275: Kasba, Kolkata","NIC Guava 100ml",Nos,,0,0,0,0,0,0,0,0,0,0,0,0,0
"576275: Kasba, Kolkata","NIC Jack Fruit 100ml",Nos,,0,0,0,0,0,0,0,0,0,0,0,0,0
"576275: Kasba, Kolkata","NIC Jaggery 100ml",Nos,,0,0,0,0,0,0,0,0,0,0,0,0,0
"576275: Kasba, Kolkata","NIC Jaggery Almond 100ml",Nos,,0,0,0,0,0,0,0,0,0,0,0,0,0
"576275: Kasba, Kolkata","NIC Kaju Kishmish 100ml",Nos,,0,0,0,0,0,0,0,0,0,0,0,0,0
"576275: Kasba, Kolkata","NIC Kala Jamun 100ml",Nos,,0,0,0,0,0,0,0,0,0,0,0,0,0
"576275: Kasba, Kolkata","NIC Kesar Pista 100ml",Nos,,0,0,0,0,0,0,0,0,0,0,0,0,0
"576275: Kasba, Kolkata","NIC Kheer 500ml",Nos,,0,0,0,0,0,0,0,0,0,0,0,0,0
"576275: Kasba, Kolkata","NIC Kulfi 500ml",Nos,,0,0,0,0,0,0,0,0,0,0,0,0,0
"576275: Kasba, Kolkata","NIC Lemon Grass 100ml",Nos,,0,0,0,0,0,0,0,0,0,0,0,0,0
"576275: Kasba, Kolkata","NIC Moong Dal Halwa 500ml",Nos,,0,0,0,0,0,0,0,0,0,0,0,0,0
"576275: Kasba, Kolkata","NIC Muskmelon 100ml",Nos,,0,0,0,0,0,0,0,0,0,0,0,0,0
"576275: Kasba, Kolkata","NIC Nolen Gur Ice Cream 500ml",Nos,,0,0,0,0,0,0,0,0,0,0,0,0,0
"576275: Kasba, Kolkata","NIC Rasgulla 500ml",Nos,,0,0,0,0,0,0,0,0,0,0,0,0,0
"576275: Kasba, Kolkata","NIC Velvety Nutella 100ml",Nos,,0,0,0,0,0,0,0,0,0,0,0,0,0
"576275: Kasba, Kolkata","Polythene Bag 1 Kg Y",Kg,,0,0,0,0,0,0,0,0,0,0,0,0,0
"576275: Kasba, Kolkata","Yummo Crunchy Chocobar 60ml X 1",Nos,,0,0,0,0,0,0,0,0,0,0,0,0,0
